Day,Total_Supply_MWh,Total_Peer_Demand_MWh,P2P_Volume_MWh,Grid_Export_Volume_MWh,Revenue_GridOnly,Revenue_P2P,Revenue_Uplift,Ind_Unit_A_MWh,Comm_Complex_B_MWh,Agri_Proc_C_MWh
Day 221,15.900000000000006,76.07182148937102,15.900000000000006,0.0,795.0000000000002,1590.0000000000005,795.0000000000002,15.900000000000006,0.0,0.0
Day 222,15.900000000000006,78.9466123009583,15.900000000000006,0.0,795.0000000000002,1590.0000000000005,795.0000000000002,15.900000000000006,0.0,0.0
Day 223,15.900000000000006,74.51576134371541,15.900000000000006,0.0,795.0000000000002,1590.0000000000005,795.0000000000002,15.900000000000006,0.0,0.0
Day 224,15.900000000000006,85.08560600242086,15.900000000000006,0.0,795.0000000000002,1590.0000000000005,795.0000000000002,15.900000000000006,0.0,0.0
Day 225,15.900000000000006,86.95804260230926,15.900000000000006,0.0,795.0000000000002,1590.0000000000005,795.0000000000002,15.900000000000006,0.0,0.0
Day 226,15.900000000000006,82.52474867783462,15.900000000000006,0.0,795.0000000000002,1590.0000000000005,795.0000000000002,15.900000000000006,0.0,0.0
Day 227,15.900000000000006,70.5493134033,15.900000000000006,0.0,795.0000000000002,1590.0000000000005,795.0000000000002,15.900000000000006,0.0,0.0
