Day,Total_Supply_MWh,Total_Peer_Demand_MWh,P2P_Volume_MWh,Grid_Export_Volume_MWh,Revenue_GridOnly,Revenue_P2P,Revenue_Uplift,Ind_Unit_A_MWh,Comm_Complex_B_MWh,Agri_Proc_C_MWh
Day 221,15.900000000000006,75.37332841008178,15.900000000000006,0.0,795.0000000000002,1590.0000000000005,795.0000000000002,15.900000000000006,0.0,0.0
Day 222,15.900000000000006,75.11486809799042,15.900000000000006,0.0,795.0000000000002,1590.0000000000005,795.0000000000002,15.900000000000006,0.0,0.0
Day 223,15.900000000000006,79.74283103879634,15.900000000000006,0.0,795.0000000000002,1590.0000000000005,795.0000000000002,15.900000000000006,0.0,0.0
Day 224,15.900000000000006,78.2927855958502,15.900000000000006,0.0,795.0000000000002,1590.0000000000005,795.0000000000002,15.900000000000006,0.0,0.0
Day 225,15.900000000000006,73.15028985717481,15.900000000000006,0.0,795.0000000000002,1590.0000000000005,795.0000000000002,15.900000000000006,0.0,0.0
Day 226,15.900000000000006,72.92769842765262,15.900000000000006,0.0,795.0000000000002,1590.0000000000005,795.0000000000002,15.900000000000006,0.0,0.0
Day 227,15.900000000000006,77.59839302900639,15.900000000000006,0.0,795.0000000000002,1590.0000000000005,795.0000000000002,15.900000000000006,0.0,0.0
