Day,Total_Supply_MWh,Total_Peer_Demand_MWh,P2P_Volume_MWh,Grid_Export_Volume_MWh,Revenue_GridOnly,Revenue_P2P,Revenue_Uplift,Ind_Unit_A_MWh,Comm_Complex_B_MWh,Agri_Proc_C_MWh
Day 221,15.900000000000006,75.27490931660117,15.900000000000006,0.0,795.0000000000002,1590.0000000000005,795.0000000000002,15.900000000000006,0.0,0.0
Day 222,15.900000000000006,86.48466906627034,15.900000000000006,0.0,795.0000000000002,1590.0000000000005,795.0000000000002,15.900000000000006,0.0,0.0
Day 223,15.900000000000006,80.65026207908444,15.900000000000006,0.0,795.0000000000002,1590.0000000000005,795.0000000000002,15.900000000000006,0.0,0.0
Day 224,15.900000000000006,73.08331623584198,15.900000000000006,0.0,795.0000000000002,1590.0000000000005,795.0000000000002,15.900000000000006,0.0,0.0
Day 225,15.900000000000006,71.2718440367814,15.900000000000006,0.0,795.0000000000002,1590.0000000000005,795.0000000000002,15.900000000000006,0.0,0.0
Day 226,15.900000000000006,85.53591224434662,15.900000000000006,0.0,795.0000000000002,1590.0000000000005,795.0000000000002,15.900000000000006,0.0,0.0
Day 227,15.900000000000006,88.45808381137851,15.900000000000006,0.0,795.0000000000002,1590.0000000000005,795.0000000000002,15.900000000000006,0.0,0.0
