,Bagasse_Used_MT,Steam_Generated_TPD,Power_Generated_MWh,Total_Internal_Cons_MWh,Power_Exported_MWh,System_Losses_MWh,Season_Flag
Bagasse_Used_MT,1.0,1.0000000000000004,1.0000000000000004,1.0000000000000002,1.0000000000000004,-1.0000000000000002,1.0
Steam_Generated_TPD,1.0000000000000004,1.0,1.0000000000000002,1.0,1.0000000000000004,-1.0000000000000004,1.0000000000000002
Power_Generated_MWh,1.0000000000000004,1.0000000000000002,1.0,1.0,1.0000000000000002,-1.0000000000000002,1.0
Total_Internal_Cons_MWh,1.0000000000000002,1.0,1.0,1.0,0.9999999999999997,-0.9999999999999998,0.9999999999999999
Power_Exported_MWh,1.0000000000000004,1.0000000000000004,1.0000000000000002,0.9999999999999997,1.0,-1.0000000000000007,0.9999999999999999
System_Losses_MWh,-1.0000000000000002,-1.0000000000000004,-1.0000000000000002,-0.9999999999999998,-1.0000000000000007,1.0,-1.0
Season_Flag,1.0,1.0000000000000002,1.0,0.9999999999999999,0.9999999999999999,-1.0,1.0
