Metric,Baseline,Optimized,Improvement
Total Export (MWh),-3.751665644813329e-12,1049.3999999999928,1049.3999999999965
Total Losses (MWh),3498.0000000000005,2448.600000000001,1049.3999999999996
