Metric,Baseline,Optimized,Improvement
Total Export (MWh),0.0,111.30000000000004,111.30000000000004
Total Losses (MWh),371.0,259.69999999999993,111.30000000000007
