Day,Gen_Forecast,Load_Forecast,Loss_Baseline,Export_Forecast,P_internal_Opt,P_export_Opt,P_loss_Opt,Optimization_Status
Day 221,120.0,67.0,53.0,0.0,67.0,15.900000000000006,37.099999999999994,Success
Day 222,120.0,67.0,53.0,0.0,67.0,15.900000000000006,37.099999999999994,Success
Day 223,120.0,67.0,53.0,0.0,67.0,15.900000000000006,37.099999999999994,Success
Day 224,120.0,67.0,53.0,0.0,67.0,15.900000000000006,37.099999999999994,Success
Day 225,120.0,67.0,53.0,0.0,67.0,15.900000000000006,37.099999999999994,Success
Day 226,120.0,67.0,53.0,0.0,67.0,15.900000000000006,37.099999999999994,Success
Day 227,120.0,67.0,53.0,0.0,67.0,15.900000000000006,37.099999999999994,Success
